[{"model": "contenttypes.contenttype", "pk": 1, "fields": {"app_label": "admin", "model": "logentry"}}, {"model": "contenttypes.contenttype", "pk": 2, "fields": {"app_label": "auth", "model": "permission"}}, {"model": "contenttypes.contenttype", "pk": 3, "fields": {"app_label": "auth", "model": "group"}}, {"model": "contenttypes.contenttype", "pk": 4, "fields": {"app_label": "auth", "model": "user"}}, {"model": "contenttypes.contenttype", "pk": 5, "fields": {"app_label": "contenttypes", "model": "contenttype"}}, {"model": "contenttypes.contenttype", "pk": 6, "fields": {"app_label": "sessions", "model": "session"}}, {"model": "contenttypes.contenttype", "pk": 7, "fields": {"app_label": "webapp", "model": "cliente"}}, {"model": "contenttypes.contenttype", "pk": 8, "fields": {"app_label": "webapp", "model": "equipo"}}, {"model": "contenttypes.contenttype", "pk": 9, "fields": {"app_label": "webapp", "model": "contrato"}}, {"model": "sessions.session", "pk": "6nde1o2minrb3h397wrai8jdljcr5cje", "fields": {"session_data": "N2E2NTE2MzQxYmNmZDBjZWM5MWI0Y2EyNWY4OWNmY2MyOWI3MjVmNTp7Il9hdXRoX3VzZXJfaWQiOiIxMyIsIl9hdXRoX3VzZXJfYmFja2VuZCI6ImRqYW5nby5jb250cmliLmF1dGguYmFja2VuZHMuTW9kZWxCYWNrZW5kIiwiX2F1dGhfdXNlcl9oYXNoIjoiMDUyOTFiZDVhMDllMGYxODAyMDQ4NDZiNDc4YmYzMGIzODY0ZWYwMiJ9", "expire_date": "2020-06-26T14:47:16.155Z"}}, {"model": "sessions.session", "pk": "at6ytf7duga8uxddl21m3mvduxn0burh", "fields": {"session_data": "ZmY5ZDA4MTAyOTUwYzQwNTFjYTQ2NTVhMmQ3YzVlNGI1NDRmNjcwYTp7Il9hdXRoX3VzZXJfaWQiOiIxIiwiX2F1dGhfdXNlcl9iYWNrZW5kIjoiZGphbmdvLmNvbnRyaWIuYXV0aC5iYWNrZW5kcy5Nb2RlbEJhY2tlbmQiLCJfYXV0aF91c2VyX2hhc2giOiJmNDA5ZTIyYTVlNDdiMjkyMDY1MzA4ZmRiNjAyMWU4OGYwNmViYjhjIn0=", "expire_date": "2019-12-26T14:34:04.484Z"}}, {"model": "sessions.session", "pk": "na65xbgvui37g5761jt99odnc989m62v", "fields": {"session_data": "OGUwNjgxZDg5OGRkYjQ1ZjNlMzc0ZGQ0ZGEwYzQ5MzU1YWVlYTM2Yzp7Il9hdXRoX3VzZXJfaWQiOiI3IiwiX2F1dGhfdXNlcl9iYWNrZW5kIjoiZGphbmdvLmNvbnRyaWIuYXV0aC5iYWNrZW5kcy5Nb2RlbEJhY2tlbmQiLCJfYXV0aF91c2VyX2hhc2giOiJkNTIwN2VlMzU4ZTQzZmVjN2E0ZTMzNzA2ZTZiZTU2ZDIwOGNjN2I5In0=", "expire_date": "2020-06-16T20:35:40.700Z"}}, {"model": "webapp.cliente", "pk": 1, "fields": {"NIT": "12345TT", "nombre": "Gobernacion Risaralda", "direccion": "AV 30 Agosto 1000", "telefono": "311-400-5623", "email": "richi@gmail.com", "tipo_cliente": "Gobierno", "fecha_creacion": "2019-12-10T02:44:45.824Z"}}, {"model": "webapp.cliente", "pk": 2, "fields": {"NIT": "4321TT1", "nombre": "Media Commerce", "direccion": "AV 30 Agosto 1200", "telefono": "311-400-5625", "email": "media@gmail.com", "tipo_cliente": "Empresarial", "fecha_creacion": "2019-12-10T03:06:51.939Z"}}, {"model": "webapp.cliente", "pk": 3, "fields": {"NIT": "200-567", "nombre": "Luis Fernando", "direccion": "AV 30 Agosto 10", "telefono": "3117705555", "email": "ft@gmail.com", "tipo_cliente": "Empresarial", "fecha_creacion": "2019-12-10T05:23:53.518Z"}}, {"model": "webapp.cliente", "pk": 4, "fields": {"NIT": "100-31", "nombre": "Andres Garrido", "direccion": "Av del rio 123", "telefono": "3204564444", "email": "agarrido@gmail.com", "tipo_cliente": "Particular", "fecha_creacion": "2019-12-10T14:56:41.132Z"}}, {"model": "webapp.equipo", "pk": 1, "fields": {"nombre": "Impresora LaserJet II", "tipo_equipo": "Impresora", "serial": "12345", "marca": "HP", "proveedor": "Computienda", "caracteristicas": "10PPM", "condicion_equipo": "Utilizable", "anotaciones": "Todo Ok", "fecha_creacion": "2019-12-10T03:01:02.340Z", "costo_reposicion": 2000.0}}, {"model": "webapp.equipo", "pk": 2, "fields": {"nombre": "Portatil HP 8 Generacion", "tipo_equipo": "Portatil", "serial": "54321", "marca": "HP", "proveedor": "Computienda", "caracteristicas": "Procesador I9", "condicion_equipo": "Utilizable", "anotaciones": "Todo Ok", "fecha_creacion": "2019-12-10T03:02:20.914Z", "costo_reposicion": 1500.0}}, {"model": "webapp.equipo", "pk": 3, "fields": {"nombre": "Escaner Motorola", "tipo_equipo": "Escaner", "serial": "1234567890", "marca": "Motorola", "proveedor": "Computienda", "caracteristicas": "Pagina Oficio", "condicion_equipo": "Utilizable", "anotaciones": "Todo Ok", "fecha_creacion": "2019-12-10T03:03:32.396Z", "costo_reposicion": 500.0}}, {"model": "webapp.equipo", "pk": 4, "fields": {"nombre": "Impresora Epson LX810", "tipo_equipo": "Impresora", "serial": "67890-1", "marca": "Epson", "proveedor": "Computienda", "caracteristicas": "Impresora de Carro Ancho", "condicion_equipo": "Reparado", "anotaciones": "Todo Ok", "fecha_creacion": "2019-12-10T14:58:04.094Z", "costo_reposicion": 200.0}}, {"model": "webapp.contrato", "pk": 1, "fields": {"cliente": 1, "equipo": 2, "nroContrato": "2020-001", "fecha_inicio": "2019-12-10T03:05:14.091Z", "fecha_terminacion": "2019-12-10T03:05:14.091Z", "print": "dddddddddddd", "fecha_creacion": "2019-12-10T03:05:14.091Z", "valor": 100.0, "estado_contrato": "Pendiente", "tecnico": "Ricardo Aleman"}}, {"model": "webapp.contrato", "pk": 2, "fields": {"cliente": 2, "equipo": 3, "nroContrato": "2020-020", "fecha_inicio": "2019-12-10T03:07:28.782Z", "fecha_terminacion": "2019-12-10T03:07:28.782Z", "print": null, "fecha_creacion": "2019-12-10T03:07:28.782Z", "valor": 30.0, "estado_contrato": "Pendiente", "tecnico": "Natalia Ramirez"}}, {"model": "webapp.contrato", "pk": 4, "fields": {"cliente": 4, "equipo": 4, "nroContrato": "2020-040", "fecha_inicio": "2019-12-10T14:58:43.577Z", "fecha_terminacion": "2019-12-10T14:58:43.577Z", "print": null, "fecha_creacion": "2019-12-10T14:58:43.577Z", "valor": 30.0, "estado_contrato": "Terminado", "tecnico": "Ricardo Aleman"}}, {"model": "webapp.contrato", "pk": 6, "fields": {"cliente": 1, "equipo": 4, "nroContrato": "2222222", "fecha_inicio": "2019-12-12T03:16:43.963Z", "fecha_terminacion": "2019-12-12T03:16:43.963Z", "print": null, "fecha_creacion": "2019-12-12T03:16:43.963Z", "valor": 1.0, "estado_contrato": "En ejecucion", "tecnico": "Hernan Vidaure"}}, {"model": "webapp.contrato", "pk": 7, "fields": {"cliente": 3, "equipo": 2, "nroContrato": "11114444", "fecha_inicio": "2020-01-28T22:22:08.855Z", "fecha_terminacion": "2020-01-28T22:22:08.855Z", "print": null, "fecha_creacion": "2020-01-28T22:22:08.855Z", "valor": 2000.0, "estado_contrato": "Pendiente", "tecnico": "Hernan Vidaure"}}, {"model": "webapp.contrato", "pk": 8, "fields": {"cliente": 3, "equipo": 1, "nroContrato": "2020-45", "fecha_inicio": "2020-01-28T22:22:47.058Z", "fecha_terminacion": "2020-01-28T22:22:47.058Z", "print": null, "fecha_creacion": "2020-01-28T22:22:47.058Z", "valor": 300.0, "estado_contrato": "Pendiente", "tecnico": "Jeyson Porras"}}, {"model": "webapp.contrato", "pk": 10, "fields": {"cliente": 1, "equipo": 3, "nroContrato": null, "fecha_inicio": "2020-01-28T22:41:16.464Z", "fecha_terminacion": "2020-01-28T22:41:16.464Z", "print": null, "fecha_creacion": "2020-01-28T22:41:16.464Z", "valor": null, "estado_contrato": "Pendiente", "tecnico": null}}, {"model": "webapp.contrato", "pk": 11, "fields": {"cliente": 1, "equipo": 2, "nroContrato": null, "fecha_inicio": "2020-01-28T22:41:16.567Z", "fecha_terminacion": "2020-01-28T22:41:16.567Z", "print": null, "fecha_creacion": "2020-01-28T22:41:16.567Z", "valor": null, "estado_contrato": "Pendiente", "tecnico": null}}, {"model": "webapp.contrato", "pk": 12, "fields": {"cliente": 2, "equipo": 1, "nroContrato": null, "fecha_inicio": "2020-02-10T20:00:06.893Z", "fecha_terminacion": "2020-02-10T20:00:06.893Z", "print": null, "fecha_creacion": "2020-02-10T20:00:06.893Z", "valor": null, "estado_contrato": "En ejecucion", "tecnico": null}}, {"model": "webapp.contrato", "pk": 13, "fields": {"cliente": 2, "equipo": 3, "nroContrato": null, "fecha_inicio": "2020-02-10T20:00:07.111Z", "fecha_terminacion": "2020-02-10T20:00:07.111Z", "print": null, "fecha_creacion": "2020-02-10T20:00:07.111Z", "valor": null, "estado_contrato": "Pendiente", "tecnico": null}}, {"model": "webapp.contrato", "pk": 14, "fields": {"cliente": 2, "equipo": 2, "nroContrato": null, "fecha_inicio": "2020-02-10T20:00:07.226Z", "fecha_terminacion": "2020-02-10T20:00:07.226Z", "print": null, "fecha_creacion": "2020-02-10T20:00:07.226Z", "valor": null, "estado_contrato": "En ejecucion", "tecnico": null}}, {"model": "webapp.contrato", "pk": 15, "fields": {"cliente": 2, "equipo": 1, "nroContrato": null, "fecha_inicio": "2020-04-14T20:16:21.246Z", "fecha_terminacion": "2020-04-14T20:16:21.246Z", "print": null, "fecha_creacion": "2020-04-14T20:16:21.246Z", "valor": null, "estado_contrato": "En ejecucion", "tecnico": null}}, {"model": "webapp.contrato", "pk": 16, "fields": {"cliente": 4, "equipo": 2, "nroContrato": "99999999999999999999999999", "fecha_inicio": "2020-04-14T20:16:55.812Z", "fecha_terminacion": "2020-04-14T20:16:55.812Z", "print": "Create 1", "fecha_creacion": "2020-04-14T20:16:55.812Z", "valor": 11111111111111.0, "estado_contrato": "En ejecucion", "tecnico": "Jeyson Porras"}}, {"model": "webapp.contrato", "pk": 18, "fields": {"cliente": 4, "equipo": 3, "nroContrato": null, "fecha_inicio": "2020-04-15T00:31:36.587Z", "fecha_terminacion": "2020-04-15T00:31:36.588Z", "print": null, "fecha_creacion": "2020-04-15T00:31:36.588Z", "valor": null, "estado_contrato": "Pendiente", "tecnico": null}}, {"model": "webapp.contrato", "pk": 19, "fields": {"cliente": 4, "equipo": 1, "nroContrato": null, "fecha_inicio": "2020-04-15T00:31:36.737Z", "fecha_terminacion": "2020-04-15T00:31:36.737Z", "print": null, "fecha_creacion": "2020-04-15T00:31:36.737Z", "valor": null, "estado_contrato": "Cancelado", "tecnico": null}}, {"model": "webapp.contrato", "pk": 20, "fields": {"cliente": 3, "equipo": 2, "nroContrato": null, "fecha_inicio": "2020-04-15T00:53:56.310Z", "fecha_terminacion": "2020-04-15T00:53:56.310Z", "print": null, "fecha_creacion": "2020-04-15T00:53:56.310Z", "valor": null, "estado_contrato": "En ejecucion", "tecnico": null}}, {"model": "webapp.contrato", "pk": 23, "fields": {"cliente": 4, "equipo": 1, "nroContrato": null, "fecha_inicio": "2020-04-15T20:40:05.762Z", "fecha_terminacion": "2020-04-15T20:40:05.763Z", "print": null, "fecha_creacion": "2020-04-15T20:40:05.763Z", "valor": null, "estado_contrato": "En ejecucion", "tecnico": null}}, {"model": "webapp.contrato", "pk": 24, "fields": {"cliente": 4, "equipo": 1, "nroContrato": null, "fecha_inicio": "2020-04-15T20:40:05.841Z", "fecha_terminacion": "2020-04-15T20:40:05.841Z", "print": null, "fecha_creacion": "2020-04-15T20:40:05.841Z", "valor": null, "estado_contrato": "Terminado", "tecnico": null}}, {"model": "webapp.contrato", "pk": 25, "fields": {"cliente": 4, "equipo": 1, "nroContrato": null, "fecha_inicio": "2020-04-15T20:40:05.996Z", "fecha_terminacion": "2020-04-15T20:40:05.996Z", "print": null, "fecha_creacion": "2020-04-15T20:40:05.996Z", "valor": null, "estado_contrato": "Pendiente", "tecnico": null}}, {"model": "webapp.contrato", "pk": 26, "fields": {"cliente": 4, "equipo": 1, "nroContrato": null, "fecha_inicio": "2020-04-15T20:40:06.130Z", "fecha_terminacion": "2020-04-15T20:40:06.130Z", "print": null, "fecha_creacion": "2020-04-15T20:40:06.130Z", "valor": null, "estado_contrato": "Cancelado", "tecnico": null}}, {"model": "webapp.contrato", "pk": 27, "fields": {"cliente": 4, "equipo": 1, "nroContrato": null, "fecha_inicio": "2020-04-24T13:13:28.145Z", "fecha_terminacion": "2020-04-24T13:13:28.145Z", "print": null, "fecha_creacion": "2020-04-24T13:13:28.145Z", "valor": null, "estado_contrato": "Terminado", "tecnico": null}}, {"model": "webapp.contrato", "pk": 28, "fields": {"cliente": 2, "equipo": 1, "nroContrato": "2020-020", "fecha_inicio": "2020-04-24T13:48:03.113Z", "fecha_terminacion": "2020-04-24T13:48:03.114Z", "print": "sss", "fecha_creacion": "2020-04-24T13:48:03.114Z", "valor": 9000.0, "estado_contrato": "Terminado", "tecnico": "Jeyson Porras"}}, {"model": "auth.permission", "pk": 1, "fields": {"name": "Can add log entry", "content_type": 1, "codename": "add_logentry"}}, {"model": "auth.permission", "pk": 2, "fields": {"name": "Can change log entry", "content_type": 1, "codename": "change_logentry"}}, {"model": "auth.permission", "pk": 3, "fields": {"name": "Can delete log entry", "content_type": 1, "codename": "delete_logentry"}}, {"model": "auth.permission", "pk": 4, "fields": {"name": "Can view log entry", "content_type": 1, "codename": "view_logentry"}}, {"model": "auth.permission", "pk": 5, "fields": {"name": "Can add permission", "content_type": 2, "codename": "add_permission"}}, {"model": "auth.permission", "pk": 6, "fields": {"name": "Can change permission", "content_type": 2, "codename": "change_permission"}}, {"model": "auth.permission", "pk": 7, "fields": {"name": "Can delete permission", "content_type": 2, "codename": "delete_permission"}}, {"model": "auth.permission", "pk": 8, "fields": {"name": "Can view permission", "content_type": 2, "codename": "view_permission"}}, {"model": "auth.permission", "pk": 9, "fields": {"name": "Can add group", "content_type": 3, "codename": "add_group"}}, {"model": "auth.permission", "pk": 10, "fields": {"name": "Can change group", "content_type": 3, "codename": "change_group"}}, {"model": "auth.permission", "pk": 11, "fields": {"name": "Can delete group", "content_type": 3, "codename": "delete_group"}}, {"model": "auth.permission", "pk": 12, "fields": {"name": "Can view group", "content_type": 3, "codename": "view_group"}}, {"model": "auth.permission", "pk": 13, "fields": {"name": "Can add user", "content_type": 4, "codename": "add_user"}}, {"model": "auth.permission", "pk": 14, "fields": {"name": "Can change user", "content_type": 4, "codename": "change_user"}}, {"model": "auth.permission", "pk": 15, "fields": {"name": "Can delete user", "content_type": 4, "codename": "delete_user"}}, {"model": "auth.permission", "pk": 16, "fields": {"name": "Can view user", "content_type": 4, "codename": "view_user"}}, {"model": "auth.permission", "pk": 17, "fields": {"name": "Can add content type", "content_type": 5, "codename": "add_contenttype"}}, {"model": "auth.permission", "pk": 18, "fields": {"name": "Can change content type", "content_type": 5, "codename": "change_contenttype"}}, {"model": "auth.permission", "pk": 19, "fields": {"name": "Can delete content type", "content_type": 5, "codename": "delete_contenttype"}}, {"model": "auth.permission", "pk": 20, "fields": {"name": "Can view content type", "content_type": 5, "codename": "view_contenttype"}}, {"model": "auth.permission", "pk": 21, "fields": {"name": "Can add session", "content_type": 6, "codename": "add_session"}}, {"model": "auth.permission", "pk": 22, "fields": {"name": "Can change session", "content_type": 6, "codename": "change_session"}}, {"model": "auth.permission", "pk": 23, "fields": {"name": "Can delete session", "content_type": 6, "codename": "delete_session"}}, {"model": "auth.permission", "pk": 24, "fields": {"name": "Can view session", "content_type": 6, "codename": "view_session"}}, {"model": "auth.permission", "pk": 25, "fields": {"name": "Can add cliente", "content_type": 7, "codename": "add_cliente"}}, {"model": "auth.permission", "pk": 26, "fields": {"name": "Can change cliente", "content_type": 7, "codename": "change_cliente"}}, {"model": "auth.permission", "pk": 27, "fields": {"name": "Can delete cliente", "content_type": 7, "codename": "delete_cliente"}}, {"model": "auth.permission", "pk": 28, "fields": {"name": "Can view cliente", "content_type": 7, "codename": "view_cliente"}}, {"model": "auth.permission", "pk": 29, "fields": {"name": "Can add equipo", "content_type": 8, "codename": "add_equipo"}}, {"model": "auth.permission", "pk": 30, "fields": {"name": "Can change equipo", "content_type": 8, "codename": "change_equipo"}}, {"model": "auth.permission", "pk": 31, "fields": {"name": "Can delete equipo", "content_type": 8, "codename": "delete_equipo"}}, {"model": "auth.permission", "pk": 32, "fields": {"name": "Can view equipo", "content_type": 8, "codename": "view_equipo"}}, {"model": "auth.permission", "pk": 33, "fields": {"name": "Can add contrato", "content_type": 9, "codename": "add_contrato"}}, {"model": "auth.permission", "pk": 34, "fields": {"name": "Can change contrato", "content_type": 9, "codename": "change_contrato"}}, {"model": "auth.permission", "pk": 35, "fields": {"name": "Can delete contrato", "content_type": 9, "codename": "delete_contrato"}}, {"model": "auth.permission", "pk": 36, "fields": {"name": "Can view contrato", "content_type": 9, "codename": "view_contrato"}}, {"model": "auth.group", "pk": 1, "fields": {"name": "admin", "permissions": []}}, {"model": "auth.group", "pk": 2, "fields": {"name": "cliente", "permissions": []}}, {"model": "auth.user", "pk": 1, "fields": {"password": "pbkdf2_sha256$180000$cbUmSFis4s8u$/2GhubqqnOpPvtr0nGujK9jnfraZKBGLRSVRrkm6t1g=", "last_login": "2020-06-12T14:44:01.391Z", "is_superuser": true, "username": "fernando", "first_name": "", "last_name": "", "email": "ftemoch@gmail.com", "is_staff": true, "is_active": true, "date_joined": "2019-12-09T23:28:41Z", "groups": [1], "user_permissions": []}}, {"model": "auth.user", "pk": 2, "fields": {"password": "pbkdf2_sha256$180000$M5U2qKZPDj8A$zkxx44V0b36TNnUQJl6powATybLzVQA1PzVnDwELn5E=", "last_login": null, "is_superuser": false, "username": "ricardo1", "first_name": "Ricardo", "last_name": "Rios", "email": "rrios@lacomputienda.net", "is_staff": false, "is_active": true, "date_joined": "2019-12-09T23:34:13Z", "groups": [], "user_permissions": []}}, {"model": "auth.user", "pk": 3, "fields": {"password": "pbkdf2_sha256$180000$LBOnzGac4z1N$+6Wyl7WFQl9cXl8moHnNNZc6nfRC38lTBNcIhs5Gslk=", "last_login": null, "is_superuser": false, "username": "oscarcastillo", "first_name": "", "last_name": "", "email": "", "is_staff": false, "is_active": true, "date_joined": "2019-12-10T20:24:05.993Z", "groups": [], "user_permissions": []}}, {"model": "auth.user", "pk": 4, "fields": {"password": "pbkdf2_sha256$180000$zDVeqx3zgbys$TUZTT+YY23acxPOPATV+7u9/6eXri/C93JP/2bMj9O4=", "last_login": "2020-05-29T13:22:30.855Z", "is_superuser": false, "username": "test13", "first_name": "", "last_name": "", "email": "", "is_staff": false, "is_active": true, "date_joined": "2020-05-27T10:13:16.925Z", "groups": [], "user_permissions": []}}, {"model": "auth.user", "pk": 5, "fields": {"password": "pbkdf2_sha256$180000$tRpRmxjkAwjM$7w8QdcmCrbFPln7E5RGnXcbUXGDJ6dB/XSpaUN75IO0=", "last_login": "2020-05-29T09:26:41.980Z", "is_superuser": false, "username": "test14", "first_name": "", "last_name": "", "email": "test14@gmail.com", "is_staff": false, "is_active": true, "date_joined": "2020-05-27T10:22:26.989Z", "groups": [], "user_permissions": []}}, {"model": "auth.user", "pk": 6, "fields": {"password": "pbkdf2_sha256$180000$wTE8OA9XeAlK$+sS12DYGX6qVAwmXQMXv8rTqRe2KWI3cRWdQ5FV8jsE=", "last_login": null, "is_superuser": false, "username": "test15", "first_name": "", "last_name": "", "email": "test15@gmail.com", "is_staff": false, "is_active": true, "date_joined": "2020-05-27T10:42:49.417Z", "groups": [], "user_permissions": []}}, {"model": "auth.user", "pk": 7, "fields": {"password": "pbkdf2_sha256$180000$qnJmr9DyebJP$IJrAIZ0CI0g5WTYEQNr4uQpIGmJH8eNQf4JiiA7SWuM=", "last_login": "2020-06-12T14:42:24.975Z", "is_superuser": false, "username": "test20", "first_name": "", "last_name": "", "email": "ftemoch@gmail.com", "is_staff": false, "is_active": true, "date_joined": "2020-05-29T13:24:22Z", "groups": [2], "user_permissions": []}}, {"model": "auth.user", "pk": 8, "fields": {"password": "pbkdf2_sha256$180000$RIgW4kykbZSz$GMwSMAX3NPKjtLikle/SWrNxSkHE80REWDRlBk+/trk=", "last_login": "2020-06-05T14:26:51.499Z", "is_superuser": false, "username": "test21", "first_name": "", "last_name": "", "email": "ft_99@yahoo.com", "is_staff": false, "is_active": true, "date_joined": "2020-06-04T14:14:13.839Z", "groups": [2], "user_permissions": []}}, {"model": "auth.user", "pk": 9, "fields": {"password": "pbkdf2_sha256$180000$lEeZTiJWa99d$f/Oz4/r7QxLKhaSlxq0GmJpFnGNs7oSmh80c9sRfM7M=", "last_login": "2020-06-05T13:18:41.395Z", "is_superuser": false, "username": "test22", "first_name": "", "last_name": "", "email": "juli-1220@hotmail.com", "is_staff": false, "is_active": true, "date_joined": "2020-06-05T13:18:20.893Z", "groups": [2], "user_permissions": []}}, {"model": "auth.user", "pk": 10, "fields": {"password": "pbkdf2_sha256$180000$3A3guZX5gwB8$LHBfOQMDPYbaCm3IAoXoNlylVGPvQKz/phOUy0Qhv/M=", "last_login": "2020-06-05T14:39:24.777Z", "is_superuser": false, "username": "test23", "first_name": "", "last_name": "", "email": "richi@gmail.com", "is_staff": false, "is_active": true, "date_joined": "2020-06-05T14:38:24.883Z", "groups": [2], "user_permissions": []}}, {"model": "auth.user", "pk": 11, "fields": {"password": "pbkdf2_sha256$180000$9SKZx00Tg1zq$vERTDXcl9F4LfYWcex96WJJki8jMq3fPo/k94ErxGT0=", "last_login": "2020-06-11T19:13:54.890Z", "is_superuser": false, "username": "test30", "first_name": "", "last_name": "", "email": "clienteai@zohomail.com", "is_staff": false, "is_active": true, "date_joined": "2020-06-11T18:46:07.327Z", "groups": [2], "user_permissions": []}}, {"model": "auth.user", "pk": 12, "fields": {"password": "pbkdf2_sha256$180000$uMwFeJqAtG6S$MXd1iJ9MVdpxJX7y1vvXuZWFCYh7jzxdkIQh8t7tWrU=", "last_login": null, "is_superuser": false, "username": "test31", "first_name": "", "last_name": "", "email": "clienteai@sohomail.com", "is_staff": false, "is_active": true, "date_joined": "2020-06-11T19:33:37.629Z", "groups": [2], "user_permissions": []}}, {"model": "auth.user", "pk": 13, "fields": {"password": "pbkdf2_sha256$180000$VGGFjwGAXcuo$1pmR6ZUhlrcuG+WDmkGwrWUaeO0iBNAqY0pyqfzCi1g=", "last_login": "2020-06-12T14:47:15.932Z", "is_superuser": false, "username": "test40", "first_name": "", "last_name": "", "email": "ftemoch@gmail.com", "is_staff": false, "is_active": true, "date_joined": "2020-06-12T14:45:11.187Z", "groups": [2], "user_permissions": []}}, {"model": "admin.logentry", "pk": 1, "fields": {"action_time": "2019-12-09T23:34:14.053Z", "user": 1, "content_type": 4, "object_id": "2", "object_repr": "ricardo1", "action_flag": 1, "change_message": "[{\"added\": {}}]"}}, {"model": "admin.logentry", "pk": 2, "fields": {"action_time": "2019-12-10T02:44:45.826Z", "user": 1, "content_type": 7, "object_id": "1", "object_repr": "Cliente object (1)", "action_flag": 1, "change_message": "[{\"added\": {}}]"}}, {"model": "admin.logentry", "pk": 3, "fields": {"action_time": "2019-12-10T03:01:02.351Z", "user": 1, "content_type": 8, "object_id": "1", "object_repr": "Equipo object (1)", "action_flag": 1, "change_message": "[{\"added\": {}}]"}}, {"model": "admin.logentry", "pk": 4, "fields": {"action_time": "2019-12-10T03:02:20.921Z", "user": 1, "content_type": 8, "object_id": "2", "object_repr": "Equipo object (2)", "action_flag": 1, "change_message": "[{\"added\": {}}]"}}, {"model": "admin.logentry", "pk": 5, "fields": {"action_time": "2019-12-10T03:03:32.435Z", "user": 1, "content_type": 8, "object_id": "3", "object_repr": "Equipo object (3)", "action_flag": 1, "change_message": "[{\"added\": {}}]"}}, {"model": "admin.logentry", "pk": 6, "fields": {"action_time": "2019-12-10T03:05:14.093Z", "user": 1, "content_type": 9, "object_id": "1", "object_repr": "Contrato object (1)", "action_flag": 1, "change_message": "[{\"added\": {}}]"}}, {"model": "admin.logentry", "pk": 7, "fields": {"action_time": "2019-12-10T03:06:51.988Z", "user": 1, "content_type": 7, "object_id": "2", "object_repr": "Media Commerce", "action_flag": 1, "change_message": "[{\"added\": {}}]"}}, {"model": "admin.logentry", "pk": 8, "fields": {"action_time": "2019-12-10T03:07:28.824Z", "user": 1, "content_type": 9, "object_id": "2", "object_repr": "Contrato object (2)", "action_flag": 1, "change_message": "[{\"added\": {}}]"}}, {"model": "admin.logentry", "pk": 9, "fields": {"action_time": "2019-12-10T05:23:53.555Z", "user": 1, "content_type": 7, "object_id": "3", "object_repr": "Luis Fernando", "action_flag": 1, "change_message": "[{\"added\": {}}]"}}, {"model": "admin.logentry", "pk": 10, "fields": {"action_time": "2019-12-10T05:30:25.706Z", "user": 1, "content_type": 7, "object_id": "3", "object_repr": "Luis Fernando", "action_flag": 2, "change_message": "[{\"changed\": {\"fields\": [\"Tipo cliente\"]}}]"}}, {"model": "admin.logentry", "pk": 11, "fields": {"action_time": "2019-12-10T05:32:41.709Z", "user": 1, "content_type": 9, "object_id": "3", "object_repr": "111111", "action_flag": 1, "change_message": "[{\"added\": {}}]"}}, {"model": "admin.logentry", "pk": 12, "fields": {"action_time": "2019-12-10T14:54:20.245Z", "user": 1, "content_type": 4, "object_id": "2", "object_repr": "ricardo1", "action_flag": 2, "change_message": "[{\"changed\": {\"fields\": [\"First name\", \"Last name\", \"Email address\"]}}]"}}, {"model": "admin.logentry", "pk": 13, "fields": {"action_time": "2019-12-10T14:56:41.183Z", "user": 1, "content_type": 7, "object_id": "4", "object_repr": "Andres Garrido", "action_flag": 1, "change_message": "[{\"added\": {}}]"}}, {"model": "admin.logentry", "pk": 14, "fields": {"action_time": "2019-12-10T14:58:04.096Z", "user": 1, "content_type": 8, "object_id": "4", "object_repr": "Impresora Epson LX810", "action_flag": 1, "change_message": "[{\"added\": {}}]"}}, {"model": "admin.logentry", "pk": 15, "fields": {"action_time": "2019-12-10T14:58:43.610Z", "user": 1, "content_type": 9, "object_id": "4", "object_repr": "2020-040", "action_flag": 1, "change_message": "[{\"added\": {}}]"}}, {"model": "admin.logentry", "pk": 16, "fields": {"action_time": "2019-12-10T15:10:08.244Z", "user": 1, "content_type": 9, "object_id": "4", "object_repr": "2020-040", "action_flag": 2, "change_message": "[{\"changed\": {\"fields\": [\"Estado contrato\"]}}]"}}, {"model": "admin.logentry", "pk": 17, "fields": {"action_time": "2019-12-10T20:24:06.203Z", "user": 1, "content_type": 4, "object_id": "3", "object_repr": "oscarcastillo", "action_flag": 1, "change_message": "[{\"added\": {}}]"}}, {"model": "admin.logentry", "pk": 18, "fields": {"action_time": "2020-06-02T20:18:46.182Z", "user": 1, "content_type": 3, "object_id": "1", "object_repr": "admin", "action_flag": 1, "change_message": "[{\"added\": {}}]"}}, {"model": "admin.logentry", "pk": 19, "fields": {"action_time": "2020-06-02T20:19:02.721Z", "user": 1, "content_type": 3, "object_id": "2", "object_repr": "cliente", "action_flag": 1, "change_message": "[{\"added\": {}}]"}}, {"model": "admin.logentry", "pk": 20, "fields": {"action_time": "2020-06-02T20:19:48.877Z", "user": 1, "content_type": 4, "object_id": "1", "object_repr": "fernando", "action_flag": 2, "change_message": "[{\"changed\": {\"fields\": [\"Groups\"]}}]"}}, {"model": "admin.logentry", "pk": 21, "fields": {"action_time": "2020-06-02T20:20:02.514Z", "user": 1, "content_type": 4, "object_id": "7", "object_repr": "test20", "action_flag": 2, "change_message": "[{\"changed\": {\"fields\": [\"Groups\"]}}]"}}]